T,H,Lux
1.4,91.92,13.7874918514
-4,91.71,21.5765338197
-14.8,83.23,53.5230477364
14,72.53,50.5164546614
6.8,92.12,29.9979164406
3.2,91.99,19.1911417464
14,72.53,50.5164546614
-11.2,83.51,42.7383806005
17.6,67.28,61.0024386618
-0.4,91.85,10.7838405663
10.4,92.25,40.8046863561
-27.4,74.41,90.8261231153
-4,58.8,19.6681158051
-7.6,58.23,30.4308584052
-20.2,75.24,69.2740993769
-31,73.99,101.6017440092
14,92.38,51.6114515033
8.6,92.19,35.4015623729
23,79.47,77.9145947749
8.6,92.19,35.4015623729
10.4,92.25,40.8046863561
17.6,85.51,62.0471617267
17.6,92.5,62.4176920308
17.6,92.5,62.4176920308
15.8,85.4,56.6412120417
10.4,92.25,40.8046863561
19.4,92.57,67.8213304693
21.2,92.63,73.2244480361
23,92.69,78.6275645934
10.4,85.05,40.4222556894
3.2,65.38,17.6857900047
1.4,65.13,12.2703159789
-0.4,64.88,9.2548122262
-5.8,76.77,26.1618491199
-11.2,76.21,42.3298339045
-5.8,64.11,25.4068720484
1.4,54.56,11.586474125
12.2,85.17,45.8287593966
15.8,85.4,56.6412120417
15.8,78.84,56.2791891522
19.4,92.57,67.8213304693
33.8,80.36,110.3643739324
26.6,79.77,88.7314052646
24.8,79.62,83.3230039785
33.8,59.53,109.1155686764
33.8,64.23,109.4143621081
24.8,79.62,83.3230039785
1.4,71.07,12.6303024857
-2.2,84.17,15.7744209627
-7.6,83.78,31.9531415372
-11.2,83.51,42.7383806005
15.8,85.4,56.6412120417
8.6,92.19,35.4015623729
35.6,100,116.8
26.6,92.8,89.433275663
12.2,92.32,46.2083297196
37.4,93.14,121.8509066932
37.4,93.14,121.8509066932
42.8,86.99,137.7268429814
33.8,93.03,111.0452060631
35.6,93.08,116.4477976762
30.2,92.92,100.2395020618
12.2,92.32,46.2083297196
21.2,85.74,72.8595896237
14,72.53,50.5164546614
3.2,91.99,19.1911417464
1.4,91.92,13.7874918514
-0.4,91.85,10.7838405663
8.6,92.19,35.4015623729
24.8,92.74,84.030160954
33.8,74.63,110.0388656663
33.8,80.36,110.3643739324
30.2,92.92,100.2395020618
21.2,92.63,73.2244480361
3.2,84.56,18.7956511461
-5.8,91.64,26.972878355
12.2,78.51,45.460586888
5,84.68,24.2021736563
19.4,67.51,66.4164469207
17.6,79,61.6881944173
32,86.39,105.294622101
10.4,92.25,40.8046863561
10.4,43.21,37.7734313718
1.4,59.64,11.9226938305
-18.4,75.44,63.8856203002
12.2,51.71,43.7909665553
-14.8,83.23,53.5230477364
-4,84.04,21.1673333091
10.4,60.99,39.0096094653
8.6,66.11,33.9308056181
14,66.82,50.1743501271
19.4,85.63,67.4536479293
19.4,85.63,67.4536479293
30.2,86.28,99.8887028158
44.6,75.68,142.4994252684
46.4,70.68,147.6071398228
28.4,86.18,94.4833183722
24.8,85.96,83.6714615892
15.8,92.44,57.0145722734
12.2,92.32,46.2083297196
1.4,84.43,13.3885798685
1.4,77.49,13.0028404507
-5.8,76.77,26.1618491199
3.2,59.91,17.3401550372
8.6,51.11,32.9491258207
8.6,46.84,32.6439754529
-23.8,82.5,80.4829510623
6.8,50.81,27.5281133549
10.4,92.25,40.8046863561
28.4,86.18,94.4833183722
48.2,70.88,153.0190260719
46.4,75.84,147.9086164228
44.6,75.68,142.4994252684
46.4,87.19,148.5375585674
32,92.97,105.642095208
35.6,93.08,116.4477976762
44.6,45.44,140.5409198185
26.6,68.4,88.0704292513
35.6,93.08,116.4477976762
37.4,93.14,121.8509066932
19.4,92.57,67.8213304693
17.6,92.5,62.4176920308
26.6,68.4,88.0704292513
24.8,79.62,83.3230039785
28.4,86.18,94.4833183722
32,74.44,104.6278618441
35.6,55.41,114.2437893576
33.8,47.22,108.271681017
32,59.27,103.6987011892
32,92.97,105.642095208
35.6,69.46,115.1342666144
35.6,74.8,115.4486993242
33.8,80.36,110.3643739324
19.4,92.57,67.8213304693
19.4,92.57,67.8213304693
28.4,92.86,94.8363893653
39.2,69.88,125.9594258176
30.2,86.28,99.8887028158
46.4,42.44,145.71459899
42.8,48.67,135.3763887506
46.4,36.48,145.2398675482
53.6,46.88,167.6468971075
55.4,35.28,172.139696962
44.6,52.72,141.0608539443
64.4,25.6,198.2596442563
33.8,69.25,109.7216584885
66.2,37.03,200
48.2,87.28,153.9423765713
66.2,55.88,200
69.8,49.37,200
41,93.24,132.6560861637
35.6,93.08,116.4477976762
41,86.89,132.3214805691
35.6,80.51,115.7727364834
41,93.24,132.6560861637
46.4,57,146.7498344353
51.8,50.08,162.4767224052
73.4,40.85,200
64.4,67.95,200
51.8,76.34,164.1372764635
39.2,69.88,125.9594258176
37.4,93.14,121.8509066932
37.4,93.14,121.8509066932
35.6,93.08,116.4477976762
39.2,93.19,127.2534967758
53.6,58.02,168.417086057
60.8,44.76,189.0902914735
44.6,70.48,142.1952367447
50,76.18,158.7281154896
42.8,86.99,137.7268429814
53.6,54.07,168.1532305825
39.2,86.79,126.9161150701
44.6,87.09,143.1322023124
46.4,81.34,148.2188691087
62.6,33.93,193.6249463517
53.6,50.36,167.8964779997
51.8,53.81,162.735529974
46.4,65.83,147.3135688818
64.4,36.74,199.2613529843
60.8,87.92,191.7765665358
55.4,76.66,174.9555696559
71.6,35.37,200
44.6,81.2,142.8111042609
57.2,47.44,178.4876701431
51.8,76.34,164.1372764635
55.4,93.65,175.8772930099
37.4,93.14,121.8509066932
53.6,50.36,167.8964779997
42.8,81.07,137.4038880491
42.8,60.79,136.196794213
37.4,86.69,121.5107464792
55.4,66.91,174.3798532994
44.6,93.35,143.4617803742
39.2,93.19,127.2534967758
80.6,47.79,200
48.2,76.01,153.3183714076
60.8,72.2,190.8970583145
50,81.61,159.0338253249
32,92.97,105.642095208
59,67.33,185.2054859698
44.6,93.35,143.4617803742
48.2,81.47,153.6260733434
62.6,29.35,193.2175640282
71.6,43.42,200
53.6,93.6,170.474709298
48.2,93.45,154.2669540187
69.8,52.77,200
55.4,66.91,174.3798532994
57.2,58.52,179.2498365996
46.4,75.84,147.9086164228
41,93.24,132.6560861637
51.8,87.47,164.752539762
41,93.24,132.6560861637
55.4,93.65,175.8772930099
68,49.1,200
48.2,100,154.6
46.4,93.4,148.8643675427
71.6,78.04,200
71.6,83.09,200
62.6,93.83,197.4865886668
68,93.97,200
60.8,93.79,192.0845237364
80.6,54.3,200
82.4,51.21,200
80.6,57.84,200
62.6,93.83,197.4865886668
64.4,93.88,200
69.8,100,200
80.6,83.66,200
73.4,94.1,200
50,93.5,159.6695398029
71.6,73.27,200
69.8,94.01,200
59,93.74,186.681941954
57.2,93.69,181.2793594829
51.8,93.55,165.0721248958
57.2,93.69,181.2793594829
64.4,93.88,200
62.6,93.83,197.4865886668
73.4,73.44,200
71.6,78.04,200
57.2,93.69,181.2793594829
77,61.13,200
77,50.43,200
55.4,93.65,175.8772930099
60.8,93.79,192.0845237364
73.4,78.19,200
66.2,93.92,200
62.6,63.38,195.761155695
44.6,100,143.8
41,93.24,132.6560861637
73.4,49.9,200
57.2,93.69,181.2793594829
64.4,67.95,200
66.2,93.92,200
66.2,93.92,200
51.8,87.47,164.752539762
51.8,93.55,165.0721248958
60.8,82.37,191.4757919765
51.8,87.47,164.752539762
53.6,93.6,170.474709298
60.8,93.79,192.0845237364
55.4,93.65,175.8772930099
75.2,60.9,200
51.8,87.47,164.752539762
71.6,78.04,200
62.6,93.83,197.4865886668
59,93.74,186.681941954
75.2,73.61,200
75.2,73.61,200
75.2,73.61,200
69.8,88.34,200
59,93.74,186.681941954
60.8,93.79,192.0845237364
68,64.04,200
66.2,82.74,200
46.4,93.4,148.8643675427
62.6,93.83,197.4865886668
64.4,93.88,200
62.6,93.83,197.4865886668
77,69.33,200
71.6,88.43,200
71.6,64.48,200
71.6,64.48,200
69.8,82.98,200
66.2,93.92,200
75.2,64.91,200
53.6,93.6,170.474709298
78.8,61.36,200
57.2,93.69,181.2793594829
73.4,94.1,200
75.2,94.14,200
80.6,83.66,200
78.8,83.55,200
69.8,88.34,200
71.6,94.06,200
69.8,68.55,200
62.6,77.29,196.5914731416
62.6,72.38,196.3076436221
55.4,93.65,175.8772930099
53.6,93.6,170.474709298
48.2,93.45,154.2669540187
75.2,83.32,200
62.6,93.83,197.4865886668
69.8,77.9,200
55.4,93.65,175.8772930099
60.8,87.92,191.7765665358
75.2,57.12,200
64.4,55.63,200
48.2,93.45,154.2669540187
37.4,93.14,121.8509066932
46.4,93.4,148.8643675427
44.6,93.35,143.4617803742
69.8,82.98,200
57.2,100,181.6
73.4,83.21,200
75.2,73.61,200
68,82.86,200
69.8,88.34,200
55.4,93.65,175.8772930099
78.8,83.55,200
66.2,93.92,200
60.8,100,192.4
62.6,93.83,197.4865886668
71.6,88.43,200
66.2,93.92,200
78.8,78.62,200
62.6,93.83,197.4865886668
62.6,93.83,197.4865886668
69.8,88.34,200
80.6,61.58,200
62.6,93.83,197.4865886668
55.4,93.65,175.8772930099
69.8,88.34,200
73.4,78.19,200
66.2,93.92,200
64.4,93.88,200
73.4,53.29,200
73.4,53.29,200
51.8,87.47,164.752539762
71.6,64.48,200
60.8,87.92,191.7765665358
37.4,93.14,121.8509066932
51.8,61.99,163.2733728478
44.6,93.35,143.4617803742
44.6,93.35,143.4617803742
42.8,86.99,137.7268429814
48.2,93.45,154.2669540187
44.6,93.35,143.4617803742
42.8,93.3,138.0591925128
42.8,93.3,138.0591925128
42.8,86.99,137.7268429814
55.4,76.66,174.9555696559
41,86.89,132.3214805691
44.6,56.74,141.3325958341
30.2,92.92,100.2395020618
30.2,86.28,99.8887028158
26.6,92.8,89.433275663
26.6,100,89.8
26.6,92.8,89.433275663
17.6,92.5,62.4176920308
28.4,92.86,94.8363893653
19.4,100,68.2
44.6,65.61,141.9
30.2,92.92,100.2395020618
24.8,85.96,83.6714615892
39.2,93.19,127.2534967758
50,81.61,159.0338253249
55.4,76.66,174.9555696559
39.2,100,127.6
39.2,93.19,127.2534967758
33.8,93.03,111.0452060631
30.2,92.92,100.2395020618
30.2,92.92,100.2395020618
35.6,93.08,116.4477976762
35.6,93.08,116.4477976762
48.2,81.47,153.6260733434
42.8,86.99,137.7268429814
39.2,93.19,127.2534967758
50,76.18,158.7281154896
46.4,75.84,147.9086164228
48.2,93.45,154.2669540187
48.2,93.45,154.2669540187
48.2,93.45,154.2669540187
46.4,93.4,148.8643675427
33.8,93.03,111.0452060631
35.6,93.08,116.4477976762
41,93.24,132.6560861637
35.6,100,116.8
46.4,93.4,148.8643675427
44.6,93.35,143.4617803742
44.6,93.35,143.4617803742
42.8,86.99,137.7268429814
55.4,43.9,172.8257075094
53.6,46.88,167.6468971075
50,76.18,158.7281154896
50,71.07,158.4303024857
51.8,87.47,164.752539762
39.2,93.19,127.2534967758
39.2,93.19,127.2534967758
35.6,93.08,116.4477976762
30.2,92.92,100.2395020618
30.2,92.92,100.2395020618
30.2,92.92,100.2395020618
30.2,92.92,100.2395020618
33.8,86.49,110.7
28.4,92.86,94.8363893653
30.2,92.92,100.2395020618
26.6,92.8,89.433275663
41,93.24,132.6560861637
41,93.24,132.6560861637
19.4,92.57,67.8213304693
44.6,81.2,142.8111042609
46.4,93.4,148.8643675427
46.4,93.4,148.8643675427
46.4,93.4,148.8643675427
48.2,93.45,154.2669540187
46.4,93.4,148.8643675427
46.4,93.4,148.8643675427
42.8,93.3,138.0591925128
32,92.97,105.642095208
26.6,92.8,89.433275663
19.4,92.57,67.8213304693
33.8,86.49,110.7
28.4,92.86,94.8363893653
32,92.97,105.642095208
33.8,86.49,110.7
35.6,93.08,116.4477976762
28.4,92.86,94.8363893653
30.2,86.28,99.8887028158
28.4,79.92,94.1397986555
23,79.47,77.9145947749
21.2,79.31,72.5056162055
14,92.38,51.6114515033
10.4,92.25,40.8046863561
10.4,92.25,40.8046863561
5,92.06,24.594790253
19.4,85.63,67.4536479293
19.4,79.16,67.0971905678
15.8,92.44,57.0145722734
19.4,85.63,67.4536479293
6.8,84.8,29.6086915466
10.4,78.35,40.051553536
8.6,92.19,35.4015623729
5,84.68,24.2021736563
6.8,78.01,29.2323269867
-9.4,91.49,37.7650405122
-5.8,83.91,26.5602401715
14,61.51,49.8428311215
10.4,92.25,40.8046863561
-5.8,64.11,25.4068720484
1.4,91.92,13.7874918514
-4,84.04,21.1673333091
3.2,91.99,19.1911417464
21.2,92.63,73.2244480361
17.6,92.5,62.4176920308
17.6,92.5,62.4176920308
19.4,85.63,67.4536479293
19.4,85.63,67.4536479293
21.2,92.63,73.2244480361
24.8,85.96,83.6714615892
24.8,85.96,83.6714615892
24.8,92.74,84.030160954
33.8,86.49,110.7
33.8,93.03,111.0452060631
33.8,93.03,111.0452060631
19.4,92.57,67.8213304693
19.4,92.57,67.8213304693
8.6,84.93,35.0157473924
-7.6,91.57,32.3692214939
-2.2,91.78,16.1801878896
14,92.38,51.6114515033
-20.2,75.24,69.2740993769
-23.8,82.5,80.4829510623
-7.6,76.59,31.5515712875
-20.2,75.24,69.2740993769
3.2,65.38,17.6857900047
-23.8,82.5,80.4829510623
12.2,72.33,45.1047045804
10.4,72.12,39.6923494982
-0.4,84.3,10.3815031449
-5.8,91.64,26.972878355
6.8,60.45,28.174959807
-13,83.37,48.1307173869
12.2,51.71,43.7909665553
3.2,84.56,18.7956511461
1.4,84.43,13.3885798685
14,92.38,51.6114515033
15.8,92.44,57.0145722734
10.4,92.25,40.8046863561
14,92.38,51.6114515033
23,92.69,78.6275645934
24.8,85.96,83.6714615892
28.4,92.86,94.8363893653
24.8,85.96,83.6714615892
21.2,92.63,73.2244480361
8.6,92.19,35.4015623729
10.4,92.25,40.8046863561
30.2,86.28,99.8887028158
21.2,92.63,73.2244480361
28.4,92.86,94.8363893653
24.8,92.74,84.030160954
26.6,92.8,89.433275663
35.6,80.51,115.7727364834
6.8,84.8,29.6086915466
10.4,92.25,40.8046863561
21.2,92.63,73.2244480361
21.2,92.63,73.2244480361
19.4,92.57,67.8213304693
19.4,92.57,67.8213304693
21.2,92.63,73.2244480361
24.8,85.96,83.6714615892
28.4,92.86,94.8363893653
33.8,86.49,110.7
33.8,86.49,110.7
33.8,86.49,110.7
33.8,93.03,111.0452060631
12.2,92.32,46.2083297196
6.8,65.87,28.516033514
6.8,65.87,28.516033514
1.4,77.49,13.0028404507
-0.4,91.85,10.7838405663
1.4,77.49,13.0028404507
-16.6,83.09,58.9153716326
-0.4,84.3,10.3815031449
-9.4,83.64,37.3454906921
-5.8,91.64,26.972878355
12.2,56.3,44.1033325929
3.2,91.99,19.1911417464
19.4,73.13,66.7516080359
-2.2,91.78,16.1801878896
19.4,79.16,67.0971905678
19.4,79.16,67.0971905678
24.8,92.74,84.030160954
24.8,92.74,84.030160954
24.8,85.96,83.6714615892
30.2,92.92,100.2395020618
19.4,92.57,67.8213304693
24.8,85.96,83.6714615892
-4,91.71,21.5765338197
23,79.47,77.9145947749
26.6,79.77,88.7314052646
12.2,85.17,45.8287593966
28.4,42.73,91.7368187982
35.6,34.65,112.6864250611
23,62.78,76.9233831158
21.2,57.69,71.1953933407
37.4,34.96,118.1126981996
15.8,85.4,56.6412120417
12.2,92.32,46.2083297196
32,46.92,102.8498175158
32,46.92,102.8498175158
14,92.38,51.6114515033
24.8,68.18,82.6571181413
12.2,92.32,46.2083297196
17.6,40.85,59.1914004725
17.6,67.28,61.0024386618
8.6,84.93,35.0157473924
3.2,91.99,19.1911417464
19.4,85.63,67.4536479293
19.4,85.63,67.4536479293
28.4,68.61,93.483115356
21.2,92.63,73.2244480361
17.6,92.5,62.4176920308
17.6,92.5,62.4176920308
28.4,86.18,94.4833183722
39.2,80.79,126.5883257618
33.8,93.03,111.0452060631
33.8,86.49,110.7
35.6,93.08,116.4477976762
35.6,93.08,116.4477976762
37.4,93.14,121.8509066932
37.4,93.14,121.8509066932
37.4,93.14,121.8509066932
39.2,93.19,127.2534967758
39.2,93.19,127.2534967758
39.2,93.19,127.2534967758
37.4,93.14,121.8509066932
42.8,86.99,137.7268429814
42.8,86.99,137.7268429814
42.8,93.3,138.0591925128
44.6,93.35,143.4617803742
48.2,81.47,153.6260733434
51.8,61.99,163.2733728478
26.6,63.27,87.7542441501
26.6,86.07,89.0773918749
35.6,80.51,115.7727364834
32,86.39,105.294622101
39.2,69.88,125.9594258176
32,92.97,105.642095208
50,39.95,156.3206012372
19.4,48.69,65.1778220098
30.2,33.72,96.4068924564
30.2,31.04,96.1713553109
46.4,61.28,147.0281543163
41,65.16,131.0721744282
41,56.22,130.4979997333
42.8,52.45,135.6422372234
46.4,49.24,146.2171219171
30.2,92.92,100.2395020618
42.8,70.28,136.7833167661
44.6,70.48,142.1952367447
44.6,70.48,142.1952367447
44.6,75.68,142.4994252684
53.6,66.7,168.9670067956
59,67.33,185.2054859698
66.2,42.57,200
57.2,82.12,180.6620086074
41,80.93,131.9961102706
42.8,86.99,137.7268429814
35.6,86.59,116.1053747909
33.8,93.03,111.0452060631
33.8,93.03,111.0452060631
41,52.17,130.2228803119
57.2,38.26,177.7854668377
35.6,93.08,116.4477976762
59,22.95,181.7906158268
55.4,37.97,172.3619802012
66.2,27.83,200
57.2,41.13,178.0132674979
66.2,82.74,200
60.8,93.79,192.0845237364
68,56.13,200
57.2,28.48,176.9366656257
39.2,55.95,125.079973262
53.6,43.61,167.4037867924
62.6,25.32,192.8318982502
60.8,26.98,187.5942275653
37.4,93.14,121.8509066932
32,92.97,105.642095208
35.6,80.51,115.7727364834
46.4,87.19,148.5375585674
68,28.11,200
23,92.69,78.6275645934
53.6,66.7,168.9670067956
53.6,66.7,168.9670067956
46.4,93.4,148.8643675427
44.6,81.2,142.8111042609
57.2,58.52,179.2498365996
57.2,58.52,179.2498365996
50,66.27,158.1406387956
48.2,66.05,152.7271151093
48.2,49.53,151.637755324
44.6,65.61,141.9
48.2,93.45,154.2669540187
48.2,93.45,154.2669540187
53.6,93.6,170.474709298
48.2,100,154.6
46.4,100,149.2
46.4,93.4,148.8643675427
53.6,76.5,169.5464278423
48.2,93.45,154.2669540187
48.2,93.45,154.2669540187
44.6,87.09,143.1322023124
53.6,58.02,168.417086057
37.4,93.14,121.8509066932
39.2,93.19,127.2534967758
39.2,93.19,127.2534967758
51.8,66.48,163.5535268443
48.2,81.47,153.6260733434
33.8,86.49,110.7
33.8,86.49,110.7
44.6,70.48,142.1952367447
41,93.24,132.6560861637
39.2,93.19,127.2534967758
39.2,93.19,127.2534967758
39.2,100,127.6
50,66.27,158.1406387956
41,93.24,132.6560861637
46.4,93.4,148.8643675427
44.6,93.35,143.4617803742
42.8,86.99,137.7268429814
53.6,76.5,169.5464278423
66.2,52.25,200
75.2,38.46,200
73.4,38.18,200
73.4,40.85,200
50,93.5,159.6695398029
42.8,86.99,137.7268429814
44.6,93.35,143.4617803742
75.2,38.46,200
50,87.37,159.3471920917
46.4,93.4,148.8643675427
77,31.62,200
62.6,82.5,196.8829510623
64.4,82.62,200
68,77.75,200
68,68.35,200
71.6,78.04,200
69.8,88.34,200
69.8,88.34,200
73.4,94.1,200
66.2,72.74,200
64.4,93.88,200
82.4,39.58,200
62.6,82.5,196.8829510623
69.8,60.21,200
51.8,87.47,164.752539762
48.2,93.45,154.2669540187
55.4,93.65,175.8772930099
82.4,51.21,200
71.6,68.75,200
68,77.75,200
62.6,77.29,196.5914731416
39.2,93.19,127.2534967758
60.8,82.37,191.4757919765
73.4,56.88,200
46.4,93.4,148.8643675427
62.6,59.26,195.4980517016
66.2,55.88,200
44.6,93.35,143.4617803742
64.4,67.95,200
66.2,59.74,200
69.8,64.26,200
60.8,87.92,191.7765665358
46.4,93.4,148.8643675427
51.8,93.55,165.0721248958
51.8,93.55,165.0721248958
48.2,93.45,154.2669540187
44.6,93.35,143.4617803742
57.2,93.69,181.2793594829
60.8,87.92,191.7765665358
62.6,77.29,196.5914731416
55.4,93.65,175.8772930099
66.2,82.74,200
60.8,87.92,191.7765665358
60.8,93.79,192.0845237364
64.4,93.88,200
64.4,93.88,200
55.4,93.65,175.8772930099
55.4,93.65,175.8772930099
57.2,93.69,181.2793594829
71.6,83.09,200
60.8,100,192.4
68,68.35,200
64.4,88.09,200
64.4,88.09,200
69.8,77.9,200
66.2,88.18,200
62.6,93.83,197.4865886668
69.8,88.34,200
77,73.78,200
71.6,94.06,200
59,93.74,186.681941954
59,93.74,186.681941954
68,93.97,200
77,83.44,200
80.6,57.84,200
69.8,60.21,200
60.8,67.54,190.6182723245
71.6,68.75,200
75.2,83.32,200
68,93.97,200
78.8,73.95,200
77,83.44,200
77,83.44,200
75.2,88.59,200
78.8,94.23,200
77,94.19,200
59,93.74,186.681941954
53.6,93.6,170.474709298
80.6,57.84,200
73.4,94.1,200
66.2,93.92,200
80.6,57.84,200
62.6,93.83,197.4865886668
60.8,87.92,191.7765665358
64.4,93.88,200
53.6,93.6,170.474709298
69.8,82.98,200
69.8,94.01,200
64.4,77.45,200
55.4,81.99,175.2548329637
73.4,78.19,200
69.8,82.98,200
64.4,72.56,200
60.8,77.14,191.182938005
60.8,77.14,191.182938005
66.2,77.6,200
71.6,73.27,200
82.4,45.07,200
66.2,88.18,200
69.8,77.9,200
69.8,73.09,200
78.8,54.05,200
62.6,82.5,196.8829510623
69.8,77.9,200
69.8,82.98,200
68,77.75,200
73.4,64.69,200
75.2,60.9,200
60.8,87.92,191.7765665358
53.6,87.56,170.1573500522
62.6,88,197.1808315196
75.2,60.9,200
60.8,82.37,191.4757919765
53.6,93.6,170.474709298
71.6,73.27,200
73.4,78.19,200
78.8,47.52,200
77,47.25,200
60.8,87.92,191.7765665358
73.4,73.44,200
78.8,54.05,200
80.6,47.79,200
73.4,56.88,200
69.8,64.26,200
69.8,64.26,200
78.8,78.62,200
82.4,69.9,200
86,58.55,200
80.6,78.76,200
71.6,88.43,200
64.4,88.09,200
73.4,83.21,200
66.2,88.18,200
75.2,57.12,200
60.8,87.92,191.7765665358
64.4,67.95,200
68,56.13,200
51.8,87.47,164.752539762
42.8,86.99,137.7268429814
59,87.83,186.3717661089
60.8,87.92,191.7765665358
60.8,87.92,191.7765665358
66.2,63.82,200
75.2,83.32,200
57.2,87.74,180.9669632219
84.2,62.03,200
75.2,78.34,200
78.8,69.52,200
62.6,88,197.1808315196
60.8,77.14,191.182938005
59,76.98,185.7738247076
55.4,76.66,174.9555696559
51.8,81.74,164.4410176418
73.4,53.29,200
59,87.83,186.3717661089
78.8,57.6,200
73.4,64.69,200
78.8,61.36,200
75.2,83.32,200
64.4,72.56,200
60.8,77.14,191.182938005
53.6,81.87,169.8482042417
35.6,93.08,116.4477976762
35.6,86.59,116.1053747909
51.8,76.34,164.1372764635
51.8,76.34,164.1372764635
53.6,71.45,169.2528101836
44.6,87.09,143.1322023124
60.8,77.14,191.182938005
59,87.83,186.3717661089
55.4,93.65,175.8772930099
66.2,52.25,200
55.4,66.91,174.3798532994
44.6,87.09,143.1322023124
48.2,81.47,153.6260733434
57.2,71.83,180.0752581082
46.4,87.19,148.5375585674
55.4,43.9,172.8257075094
44.6,81.2,142.8111042609
55.4,66.91,174.3798532994
51.8,87.47,164.752539762
53.6,81.87,169.8482042417
37.4,86.69,121.5107464792
55.4,87.65,175.5621578709
53.6,76.5,169.5464278423
50,87.37,159.3471920917
48.2,87.28,153.9423765713
51.8,81.74,164.4410176418
51.8,81.74,164.4410176418
53.6,81.87,169.8482042417
60.8,72.2,190.8970583145
69.8,43.13,200
57.2,62.69,179.5177016867
64.4,42.28,199.7023072828
30.2,86.28,99.8887028158
39.2,86.79,126.9161150701
57.2,41.13,178.0132674979
42.8,81.07,137.4038880491
69.8,40.29,200
64.4,48.55,200
53.6,46.88,167.6468971075
55.4,66.91,174.3798532994
77,36.22,200
60.8,72.2,190.8970583145
50,71.07,158.4303024857
59,76.98,185.7738247076
73.4,49.9,200
48.2,87.28,153.9423765713
50,46.31,156.8051451123
35.6,80.51,115.7727364834
48.2,49.53,151.637755324
62.6,31.56,193.4178287621
48.2,70.88,153.0190260719
51.8,61.99,163.2733728478
57.2,41.13,178.0132674979
35.6,74.8,115.4486993242
53.6,37.67,166.9375891032
37.4,74.98,120.8590992603
64.4,34.22,199.0497863209
46.4,81.34,148.2188691087
46.4,87.19,148.5375585674
48.2,87.28,153.9423765713
41,86.89,132.3214805691
33.8,86.49,110.7
39.2,80.79,126.5883257618
35.6,80.51,115.7727364834
33.8,74.63,110.0388656663
33.8,74.63,110.0388656663
42.8,52.45,135.6422372234
44.6,42.14,140.2915329468
44.6,56.74,141.3325958341
32,80.22,104.9565618404
44.6,70.48,142.1952367447
53.6,46.88,167.6468971075
35.6,74.8,115.4486993242
44.6,70.48,142.1952367447
42.8,70.28,136.7833167661
48.2,61.52,152.4434686205
51.8,53.81,162.735529974
66.2,39.72,200
51.8,76.34,164.1372764635
57.2,62.69,179.5177016867
60.8,59.01,190.0817966648
53.6,81.87,169.8482042417
28.4,86.18,94.4833183722
32,86.39,105.294622101
28.4,86.18,94.4833183722
28.4,86.18,94.4833183722
17.6,85.51,62.0471617267
24.8,79.62,83.3230039785
28.4,74.08,93.8069739165
23,67.96,77.2437855382
24.8,73.7,82.9848704125
26.6,79.77,88.7314052646
30.2,80.07,99.5481841733
14,72.53,50.5164546614
17.6,79,61.6881944173
19.4,79.16,67.0971905678
12.2,85.17,45.8287593966
1.4,77.49,13.0028404507
6.8,50.81,27.5281133549
6.8,55.44,27.8458041876
6.8,65.87,28.516033514
12.2,72.33,45.1047045804
24.8,58.22,82.0302031428
12.2,85.17,45.8287593966
32,74.44,104.6278618441
39.2,60.29,125.3646635471
39.2,64.93,125.6579153632
37.4,74.98,120.8590992603
19.4,79.16,67.0971905678
15.8,78.84,56.2791891522
15.8,78.84,56.2791891522
15.8,78.84,56.2791891522
15.8,78.84,56.2791891522
15.8,78.84,56.2791891522
15.8,72.73,55.9281885533
6.8,78.01,29.2323269867
10.4,78.35,40.051553536
8.6,78.18,34.6419454873
8.6,71.92,34.2805660188
21.2,67.73,71.8298238134
10.4,66.35,39.3455509329
6.8,65.87,28.516033514
-5.8,58.51,25.0491829629
6.8,29.58,25.8387498564
-2.2,49.25,13.6178344238
-5.8,76.77,26.1618491199
-5.8,76.77,26.1618491199
19.4,41.17,64.6163852752
3.2,84.56,18.7956511461
5,77.84,23.822698
15.8,61.77,55.2593892893
19.4,67.51,66.4164469207
15.8,72.73,55.9281885533
-0.4,77.32,9.9931791748
5,77.84,23.822698
26.6,86.07,89.0773918749
24.8,79.62,83.3230039785
21.2,85.74,72.8595896237
15.8,78.84,56.2791891522
17.6,79,61.6881944173
12.2,78.51,45.460586888
12.2,85.17,45.8287593966
26.6,68.4,88.0704292513
35.6,47.51,113.6927498141
30.2,74.26,99.2174242091
26.6,73.89,88.3959292691
35.6,80.51,115.7727364834
35.6,80.51,115.7727364834
12.2,78.51,45.460586888
8.6,78.18,34.6419454873
-0.4,70.85,9.6172442046
-11.2,69.5,41.9366660003
-5.8,76.77,26.1618491199
-11.2,69.5,41.9366660003
6.8,78.01,29.2323269867
6.8,78.01,29.2323269867
10.4,78.35,40.051553536
1.4,77.49,13.0028404507
6.8,78.01,29.2323269867
6.8,71.71,28.8681757185
6.8,78.01,29.2323269867
6.8,78.01,29.2323269867
12.2,85.17,45.8287593966
12.2,78.51,45.460586888
17.6,79,61.6881944173
15.8,78.84,56.2791891522
19.4,73.13,66.7516080359
14,78.68,50.8701747446
12.2,78.51,45.460586888
15.8,72.73,55.9281885533
14,78.68,50.8701747446
6.8,65.87,28.516033514
15.8,85.4,56.6412120417
17.6,79,61.6881944173
1.4,71.07,12.6303024857
3.2,65.38,17.6857900047
10.4,56.02,38.6846509605
6.8,65.87,28.516033514
1.4,71.07,12.6303024857
-18.4,62.24,63.0892331693
-7.6,63.85,30.7906195004
-2.2,70.63,15.0041656338
-9.4,69.73,36.5504490897
-5.8,76.77,26.1618491199
10.4,60.99,39.0096094653
17.6,72.93,61.3399063227
17.6,72.93,61.3399063227
17.6,72.93,61.3399063227
21.2,92.63,73.2244480361
24.8,73.7,82.9848704125
24.8,79.62,83.3230039785
26.6,79.77,88.7314052646
23,85.85,78.2655275079
19.4,79.16,67.0971905678
10.4,72.12,39.6923494982
10.4,66.35,39.3455509329
5,77.84,23.822698
-2.2,53.97,13.9464277033
24.8,68.18,82.6571181413
23,79.47,77.9145947749
37.4,69.67,120.5468556954
26.6,86.07,89.0773918749
35.6,69.46,115.1342666144
30.2,74.26,99.2174242091
28.4,74.08,93.8069739165
6.8,71.71,28.8681757185
10.4,30.23,36.6981815176
-2.2,64.62,14.6386566042
-22,68.06,74.2498484835
-9.4,69.73,36.5504490897
24.8,68.18,82.6571181413
28.4,74.08,93.8069739165
24.8,79.62,83.3230039785
32,74.44,104.6278618441
28.4,79.92,94.1397986555
32,80.22,104.9565618404
37.4,64.7,120.2436310209
39.2,69.88,125.9594258176
35.6,74.8,115.4486993242
12.2,78.51,45.460586888
17.6,79,61.6881944173
21.2,79.31,72.5056162055
23,73.51,77.5737972917
23,73.51,77.5737972917
17.6,79,61.6881944173
10.4,72.12,39.6923494982
-5.8,70.19,25.7779472426
-14.8,75.83,53.1080422599
1.4,65.13,12.2703159789
-0.4,64.88,9.2548122262
-0.4,70.85,9.6172442046
14,78.68,50.8701747446
17.6,62.02,60.6752777729
24.8,45.71,81.1609170976
19.4,57.41,65.7769386958
17.6,72.93,61.3399063227
-4,53.66,19.3252986287
24.8,68.18,82.6571181413
24.8,73.7,82.9848704125
24.8,73.7,82.9848704125
21.2,67.73,71.8298238134
14,66.82,50.1743501271
21.2,73.32,72.1627098514
1.4,77.49,13.0028404507
30.2,63.75,98.5843597113
26.6,73.89,88.3959292691
30.2,80.07,99.5481841733
24.8,58.22,82.0302031428
28.4,58.75,92.8648548584
19.4,73.13,66.7516080359
19.4,85.63,67.4536479293
37.4,51.61,119.3840100223
33.8,80.36,110.3643739324
41,65.16,131.0721744282
44.6,52.72,141.0608539443
37.4,86.69,121.5107464792
37.4,69.67,120.5468556954
37.4,93.14,121.8509066932
37.4,86.69,121.5107464792
37.4,80.65,121.1805345053
24.8,79.62,83.3230039785
24.8,79.62,83.3230039785
1.4,71.07,12.6303024857
21.2,45.1,70.3156533562
24.8,45.71,81.1609170976
32,28.86,101.3721504074
26.6,46.02,86.5838042425
28.4,39.39,91.4761453138
3.2,77.67,18.4130584929
28.4,50.17,92.2830784268
21.2,67.73,71.8298238134
28.4,74.08,93.8069739165
37.4,74.98,120.8590992603
26.6,79.77,88.7314052646
48.2,46.02,151.3838042425
51.8,46.59,162.2256867786
51.8,76.34,164.1372764635
48.2,87.28,153.9423765713
64.4,34.22,199.0497863209
44.6,81.2,142.8111042609
37.4,44.25,118.8520673478
37.4,44.25,118.8520673478
35.6,64.46,114.8286985247
33.8,69.25,109.7216584885
32,80.22,104.9565618404
28.4,68.61,93.483115356
37.4,55.68,119.6619032425
33.8,51.04,108.5442284398
44.6,33.49,139.5870545185
44.6,45.44,140.5409198185
39.2,80.79,126.5883257618
33.8,86.49,110.7
33.8,86.49,110.7
46.4,70.68,147.6071398228
44.6,75.68,142.4994252684
48.2,57.26,152.167033765
62.6,20.2,192.2944410108
42.8,60.79,136.196794213
44.6,75.68,142.4994252684
37.4,80.65,121.1805345053
50,76.18,158.7281154896
33.8,55.14,108.8256312863
26.6,79.77,88.7314052646
33.8,80.36,110.3643739324
42.8,81.07,137.4038880491
48.2,70.88,153.0190260719
44.6,75.68,142.4994252684
44.6,75.68,142.4994252684
44.6,75.68,142.4994252684
50,81.61,159.0338253249
48.2,87.28,153.9423765713
50,76.18,158.7281154896
53.6,76.5,169.5464278423
55.4,81.99,175.2548329637
51.8,76.34,164.1372764635
46.4,87.19,148.5375585674
55.4,87.65,175.5621578709
60.8,82.37,191.4757919765
80.6,28.08,200
53.6,58.02,168.417086057
42.8,86.99,137.7268429814
44.6,56.74,141.3325958341
53.6,40.54,167.1671029519
68,18.06,200
59,24.76,181.9759421219
64.4,16.26,197.2323690307
69.8,12.48,200
60.8,72.2,190.8970583145
55.4,76.66,174.9555696559
55.4,87.65,175.5621578709
66.2,77.6,200
57.2,87.74,180.9669632219
66.2,68.15,200
51.8,81.74,164.4410176418
57.2,67.12,179.7926796593
51.8,71.26,163.8415638362
64.4,22.06,197.8968074263
39.2,64.93,125.6579153632
68,37.32,200
60.8,59.01,190.0817966648
53.6,71.45,169.2528101836
53.6,81.87,169.8482042417
62.6,82.5,196.8829510623
66.2,82.74,200
80.6,69.71,200
80.6,69.71,200
51.8,81.74,164.4410176418
53.6,81.87,169.8482042417
75.2,50.17,200
62.6,77.29,196.5914731416
64.4,67.95,200
84.2,51.47,200
86,48.58,200
64.4,88.09,200
82.4,42.25,200
51.8,71.26,163.8415638362
53.6,66.7,168.9670067956
59,62.92,184.932212806
50,66.27,158.1406387956
53.6,71.45,169.2528101836
41,86.89,132.3214805691
46.4,87.19,148.5375585674
69.8,52.77,200
57.2,87.74,180.9669632219
57.2,87.74,180.9669632219
60.8,82.37,191.4757919765
62.6,82.5,196.8829510623
68,82.86,200
53.6,81.87,169.8482042417
55.4,76.66,174.9555696559
57.2,87.74,180.9669632219
59,82.25,186.0691785736
55.4,87.65,175.5621578709
55.4,87.65,175.5621578709
55.4,81.99,175.2548329637
46.4,87.19,148.5375585674
69.8,56.38,200
55.4,87.65,175.5621578709
62.6,82.5,196.8829510623
62.6,82.5,196.8829510623
62.6,67.75,196.0310388166
59,82.25,186.0691785736
73.4,46.71,200
73.4,49.9,200
55.4,81.99,175.2548329637
75.2,60.9,200
80.6,54.3,200
73.4,64.69,200
66.2,88.18,200
84.2,58.32,200
82.4,48.05,200
77,65.12,200
57.2,87.74,180.9669632219
53.6,81.87,169.8482042417
53.6,87.56,170.1573500522
69.8,77.9,200
62.6,88,197.1808315196
68,82.86,200
80.6,47.79,200
82.4,42.25,200
73.4,88.51,200
78.8,57.6,200
55.4,81.99,175.2548329637
57.2,87.74,180.9669632219
57.2,87.74,180.9669632219
57.2,87.74,180.9669632219
60.8,87.92,191.7765665358
82.4,83.77,200
82.4,83.77,200
73.4,88.51,200
84.2,74.44,200
71.6,83.09,200
66.2,77.6,200
60.8,87.92,191.7765665358
62.6,82.5,196.8829510623
55.4,81.99,175.2548329637
78.8,47.52,200
62.6,82.5,196.8829510623
71.6,78.04,200
78.8,61.36,200
51.8,87.47,164.752539762
80.6,57.84,200
69.8,82.98,200
64.4,88.09,200
78.8,61.36,200
80.6,61.58,200
62.6,82.5,196.8829510623
69.8,88.34,200
80.6,57.84,200
69.8,82.98,200
59,87.83,186.3717661089
64.4,88.09,200
66.2,88.18,200
64.4,88.09,200
75.2,64.91,200
59,87.83,186.3717661089
78.8,69.52,200
59,82.25,186.0691785736
59,82.25,186.0691785736
55.4,81.99,175.2548329637
57.2,93.69,181.2793594829
53.6,81.87,169.8482042417
62.6,88,197.1808315196
66.2,82.74,200
75.2,64.91,200
78.8,65.33,200
69.8,82.98,200
75.2,43.97,200
78.8,54.05,200
53.6,81.87,169.8482042417
51.8,87.47,164.752539762
66.2,68.15,200
57.2,87.74,180.9669632219
62.6,77.29,196.5914731416
48.2,87.28,153.9423765713
80.6,74.11,200
71.6,56.63,200
71.6,53.03,200
73.4,49.9,200
75.2,46.98,200
75.2,50.17,200
75.2,60.9,200
66.2,82.74,200
78.8,39.02,200
51.8,87.47,164.752539762
69.8,60.21,200
69.8,64.26,200
57.2,87.74,180.9669632219
73.4,64.69,200
75.2,69.14,200
75.2,69.14,200
68,88.26,200
80.6,78.76,200
71.6,60.44,200
68,72.92,200
69.8,68.55,200
69.8,56.38,200
53.6,81.87,169.8482042417
62.6,55.37,195.2411020689
44.6,81.2,142.8111042609
35.6,93.08,116.4477976762
39.2,86.79,126.9161150701
42.8,86.99,137.7268429814
73.4,56.88,200
53.6,81.87,169.8482042417
53.6,81.87,169.8482042417
69.8,73.09,200
75.2,73.61,200
48.2,87.28,153.9423765713
64.4,48.55,200
64.4,48.55,200
48.2,61.52,152.4434686205
53.6,40.54,167.1671029519
46.4,81.34,148.2188691087
57.2,62.69,179.5177016867
55.4,66.91,174.3798532994
55.4,76.66,174.9555696559
55.4,87.65,175.5621578709
48.2,81.47,153.6260733434
51.8,61.99,163.2733728478
46.4,87.19,148.5375585674
46.4,87.19,148.5375585674
55.4,66.91,174.3798532994
57.2,67.12,179.7926796593
71.6,49.64,200
78.8,36.51,200
62.6,51.72,194.9916618385
57.2,44.19,178.2475559418
48.2,70.88,153.0190260719
55.4,62.46,174.1031639234
46.4,87.19,148.5375585674
41,86.89,132.3214805691
39.2,86.79,126.9161150701
57.2,67.12,179.7926796593
73.4,43.69,200
78.8,34.13,200
69.8,46.16,200
69.8,49.37,200
68,52.51,200
66.2,59.74,200
66.2,88.18,200
62.6,82.5,196.8829510623
60.8,82.37,191.4757919765
M,M,#VALUE!
57.2,87.74,180.9669632219
69.8,64.26,200
51.8,81.74,164.4410176418
66.2,63.82,200
55.4,87.65,175.5621578709
57.2,71.83,180.0752581082
57.2,87.74,180.9669632219
57.2,87.74,180.9669632219
55.4,87.65,175.5621578709
51.8,81.74,164.4410176418
42.8,75.5,137.0890735985
51.8,53.81,162.735529974
48.2,57.26,152.167033765
48.2,66.05,152.7271151093
44.6,75.68,142.4994252684
53.6,32.46,166.4973678133
46.4,49.24,146.2171219171
42.8,56.48,135.9153176912
46.4,49.24,146.2171219171
39.2,60.29,125.3646635471
55.4,37.97,172.3619802012
44.6,70.48,142.1952367447
46.4,70.68,147.6071398228
46.4,70.68,147.6071398228
48.2,57.26,152.167033765
39.2,75.16,126.2694867207
51.8,37.38,161.5139185471
35.6,80.51,115.7727364834
42.8,65.38,136.4857900047
32,74.44,104.6278618441
19.4,92.57,67.8213304693
30.2,86.28,99.8887028158
50,29.52,155.4332310829
48.2,36.78,150.66465168
48.2,31.57,150.2187187152
39.2,80.79,126.5883257618
50,66.27,158.1406387956
50,66.27,158.1406387956
30.2,86.28,99.8887028158
46.4,33.79,145.0129166517
46.4,33.79,145.0129166517
21.2,85.74,72.8595896237
35.6,74.8,115.4486993242
53.6,34.98,166.714389233
35.6,69.46,115.1342666144
41,65.16,131.0721744282
33.8,80.36,110.3643739324
32,86.39,105.294622101
17.6,72.93,61.3399063227
26.6,54.03,87.1505101864
32,59.27,103.6987011892
30.2,86.28,99.8887028158
21.2,85.74,72.8595896237
37.4,80.65,121.1805345053
46.4,65.83,147.3135688818
41,86.89,132.3214805691
33.8,80.36,110.3643739324
28.4,79.92,94.1397986555
30.2,80.07,99.5481841733
30.2,74.26,99.2174242091
37.4,51.61,119.3840100223
35.6,69.46,115.1342666144
23,73.51,77.5737972917
28.4,50.17,92.2830784268
30.2,80.07,99.5481841733
21.2,73.32,72.1627098514
-0.4,77.32,9.9931791748
15.8,67.05,55.5884064384
17.6,62.02,60.6752777729
19.4,62.28,66.0917678628
28.4,58.75,92.8648548584
32,46.92,102.8498175158
21.2,48.99,70.5992856778
15.8,67.05,55.5884064384
12.2,51.71,43.7909665553
23,79.47,77.9145947749
28.4,74.08,93.8069739165
33.8,80.36,110.3643739324
35.6,74.8,115.4486993242
33.8,80.36,110.3643739324
33.8,86.49,110.7
14,78.68,50.8701747446
19.4,73.13,66.7516080359
24.8,79.62,83.3230039785
19.4,85.63,67.4536479293
33.8,69.25,109.7216584885
33.8,69.25,109.7216584885
26.6,68.4,88.0704292513
24.8,63.03,82.3391435306
17.6,62.02,60.6752777729
12.2,78.51,45.460586888
10.4,78.35,40.051553536
39.2,51.89,124.8034713854
30.2,74.26,99.2174242091
33.8,59.53,109.1155686764
35.6,47.51,113.6927498141
44.6,45.44,140.5409198185
44.6,52.72,141.0608539443
42.8,56.48,135.9153176912
14,56.58,49.5219678276
21.2,73.32,72.1627098514
30.2,86.28,99.8887028158
28.4,86.18,94.4833183722
28.4,79.92,94.1397986555
26.6,73.89,88.3959292691
19.4,85.63,67.4536479293
19.4,85.63,67.4536479293
24.8,79.62,83.3230039785
24.8,79.62,83.3230039785
28.4,86.18,94.4833183722
32,86.39,105.294622101
26.6,79.77,88.7314052646
17.6,62.02,60.6752777729
15.8,52.31,54.6325652434
8.6,51.11,32.9491258207
6.8,71.71,28.8681757185
8.6,66.11,33.9308056181
21.2,79.31,72.5056162055
15.8,85.4,56.6412120417
44.6,56.74,141.3325958341
37.4,69.67,120.5468556954
23,79.47,77.9145947749
37.4,64.7,120.2436310209
48.2,46.02,151.3838042425
24.8,79.62,83.3230039785
6.8,71.71,28.8681757185
6.8,71.71,28.8681757185
6.8,71.71,28.8681757185
8.6,71.92,34.2805660188
17.6,79,61.6881944173
19.4,85.63,67.4536479293
21.2,79.31,72.5056162055
33.8,64.23,109.4143621081
19.4,73.13,66.7516080359
14,72.53,50.5164546614
8.6,71.92,34.2805660188
1.4,71.07,12.6303024857
-9.4,69.73,36.5504490897
-5.8,64.11,25.4068720484
-14.8,69.03,52.7084294545
8.6,66.11,33.9308056181
23,79.47,77.9145947749
23,79.47,77.9145947749
21.2,92.63,73.2244480361
21.2,85.74,72.8595896237
23,85.85,78.2655275079
19.4,73.13,66.7516080359
23,79.47,77.9145947749
23,79.47,77.9145947749
24.8,79.62,83.3230039785
28.4,86.18,94.4833183722
30.2,80.07,99.5481841733
26.6,79.77,88.7314052646
17.6,79,61.6881944173
19.4,79.16,67.0971905678
24.8,58.22,82.0302031428
17.6,72.93,61.3399063227
10.4,66.35,39.3455509329
33.8,59.53,109.1155686764
30.2,86.28,99.8887028158
28.4,86.18,94.4833183722
28.4,86.18,94.4833183722
28.4,79.92,94.1397986555
10.4,47.15,38.06658576
1.4,77.49,13.0028404507
6.8,65.87,28.516033514
1.4,54.56,11.586474125
8.6,42.89,32.349045732
5,60.18,22.7575769413
24.8,23.23,79.2197510309
33.8,51.04,108.5442284398
32,54.87,103.4074287037
30.2,50.47,97.7042240956
37.4,51.61,119.3840100223
39.2,44.55,124.2745786384
33.8,55.14,108.8256312863
28.4,74.08,93.8069739165
30.2,80.07,99.5481841733
24.8,79.62,83.3230039785
23,79.47,77.9145947749
17.6,67.28,61.0024386618
24.8,49.59,81.4420167566
12.2,85.17,45.8287593966
12.2,78.51,45.460586888
21.2,62.53,71.5075912894
19.4,73.13,66.7516080359
21.2,79.31,72.5056162055
17.6,67.28,61.0024386618
19.4,73.13,66.7516080359
21.2,79.31,72.5056162055
30.2,86.28,99.8887028158
26.6,86.07,89.0773918749
33.8,69.25,109.7216584885
33.8,69.25,109.7216584885
10.4,85.05,40.4222556894
1.4,84.43,13.3885798685
28.4,74.08,93.8069739165
28.4,79.92,94.1397986555
28.4,79.92,94.1397986555
32,86.39,105.294622101
35.6,80.51,115.7727364834
24.8,68.18,82.6571181413
28.4,68.61,93.483115356
8.6,71.92,34.2805660188
23,41.8,75.4652919501
24.8,38.77,80.6265560304
57.2,35.57,177.5640590205
48.2,49.53,151.637755324
42.8,60.79,136.196794213
55.4,58.27,173.8334788924
48.2,81.47,153.6260733434
46.4,87.19,148.5375585674
46.4,57,146.7498344353
46.4,75.84,147.9086164228
66.2,15.27,200
57.2,87.74,180.9669632219
50,87.37,159.3471920917
60.8,82.37,191.4757919765
64.4,82.62,200
71.6,60.44,200
73.4,53.29,200
75.2,53.55,200
55.4,87.65,175.5621578709
59,82.25,186.0691785736
48.2,81.47,153.6260733434
48.2,87.28,153.9423765713
37.4,86.69,121.5107464792
51.8,81.74,164.4410176418
60.8,82.37,191.4757919765
53.6,87.56,170.1573500522
50,87.37,159.3471920917
60.8,67.54,190.6182723245
46.4,28.93,144.5786615435
35.6,59.79,114.5323993689
33.8,64.23,109.4143621081
30.2,68.83,98.8963847548
42.8,28.34,133.7235326617
53.6,58.02,168.417086057
41,70.08,131.3713798146
46.4,53,146.4801098893
42.8,81.07,137.4038880491
42.8,81.07,137.4038880491
50,81.61,159.0338253249
46.4,87.19,148.5375585674
26.6,79.77,88.7314052646
62.6,13.68,191.4986484018
39.2,60.29,125.3646635471
60.8,21.53,187.0400431032
48.2,70.88,153.0190260719
48.2,76.01,153.3183714076
37.4,44.25,118.8520673478
33.8,55.14,108.8256312863
28.4,50.17,92.2830784268
35.6,34.65,112.6864250611
51.8,23.65,160.2631265663
48.2,31.57,150.2187187152
55.4,19.16,170.5772137256
51.8,25.56,160.4556898639
44.6,52.72,141.0608539443
48.2,61.52,152.4434686205
48.2,70.88,153.0190260719
48.2,87.28,153.9423765713
50,87.37,159.3471920917
37.4,86.69,121.5107464792
35.6,93.08,116.4477976762
32,80.22,104.9565618404
28.4,86.18,94.4833183722
41,65.16,131.0721744282
44.6,81.2,142.8111042609
44.6,87.09,143.1322023124
46.4,61.28,147.0281543163
26.6,79.77,88.7314052646
57.2,16.58,175.6718546143
37.4,74.98,120.8590992603
39.2,86.79,126.9161150701
42.8,86.99,137.7268429814
42.8,81.07,137.4038880491
60.8,36.16,188.4133185514
64.4,23.77,198.0754486973
60.8,29.06,187.7907327888
51.8,61.99,163.2733728478
46.4,70.68,147.6071398228
44.6,36.18,139.8149812967
35.6,80.51,115.7727364834
30.2,74.26,99.2174242091
37.4,51.61,119.3840100223
55.4,20.73,170.7530209751
44.6,45.44,140.5409198185
48.2,76.01,153.3183714076
60.8,59.01,190.0817966648
48.2,76.01,153.3183714076
60.8,82.37,191.4757919765
62.6,72.38,196.3076436221
51.8,81.74,164.4410176418
51.8,87.47,164.752539762
62.6,45.04,194.5111846942
55.4,54.34,173.5715669976
50,76.18,158.7281154896
46.4,81.34,148.2188691087
37.4,86.69,121.5107464792
62.6,33.93,193.6249463517
46.4,70.68,147.6071398228
39.2,86.79,126.9161150701
37.4,86.69,121.5107464792
35.6,86.59,116.1053747909
60.8,55.12,189.8242844773
59,54.86,184.4067536749
55.4,71.64,174.6640415878
69.8,13.49,200
48.2,61.52,152.4434686205
44.6,75.68,142.4994252684
60.8,51.45,189.5728655362
57.2,62.69,179.5177016867
66.2,29.92,200
64.4,27.55,198.4488093888
62.6,29.35,193.2175640282
35.6,93.08,116.4477976762
66.2,15.27,200
46.4,75.84,147.9086164228
46.4,70.68,147.6071398228
66.2,45.6,200
66.2,48.83,200
71.6,53.03,200
87.8,33.29,200
66.2,77.6,200
53.6,81.87,169.8482042417
48.2,87.28,153.9423765713
64.4,48.55,200
69.8,43.13,200
57.2,87.74,180.9669632219
55.4,87.65,175.5621578709
46.4,75.84,147.9086164228
42.8,86.99,137.7268429814
50,81.61,159.0338253249
51.8,81.74,164.4410176418
69.8,77.9,200
60.8,87.92,191.7765665358
M,M,#VALUE!
53.6,62.23,168.6885993687
48.2,70.88,153.0190260719
55.4,50.64,173.3161787499
53.6,58.02,168.417086057
42.8,81.07,137.4038880491
48.2,87.28,153.9423765713
60.8,41.71,188.858327957
64.4,31.85,198.8435804238
64.4,27.55,198.4488093888
69.8,26.43,200
69.8,28.39,200
44.6,87.09,143.1322023124
44.6,81.2,142.8111042609
46.4,87.19,148.5375585674
64.4,55.63,200
62.6,72.38,196.3076436221
66.2,77.6,200
80.6,26.22,200
53.6,87.56,170.1573500522
48.2,93.45,154.2669540187
75.2,57.12,200
71.6,78.04,200
66.2,82.74,200
69.8,64.26,200
57.2,87.74,180.9669632219
66.2,59.74,200
64.4,55.63,200
68,49.1,200
66.2,55.88,200
57.2,87.74,180.9669632219
64.4,77.45,200
64.4,82.62,200
59,87.83,186.3717661089
68,77.75,200
71.6,64.48,200
57.2,87.74,180.9669632219
60.8,82.37,191.4757919765
57.2,87.74,180.9669632219
59,87.83,186.3717661089
57.2,87.74,180.9669632219
59,87.83,186.3717661089
68,82.86,200
66.2,88.18,200
57.2,93.69,181.2793594829
78.8,65.33,200
64.4,82.62,200
66.2,88.18,200
82.4,74.28,200
93.2,63.11,200
87.8,74.77,200
60.8,82.37,191.4757919765
64.4,88.09,200
62.6,88,197.1808315196
62.6,88,197.1808315196
73.4,68.94,200
78.8,54.05,200
82.4,45.07,200
64.4,82.62,200
71.6,83.09,200
71.6,83.09,200
71.6,83.09,200
66.2,88.18,200
66.2,88.18,200
75.2,83.32,200
73.4,78.19,200
69.8,82.98,200
80.6,78.76,200
73.4,64.69,200
75.2,60.9,200
80.6,54.3,200
69.8,82.98,200
84.2,65.95,200
87.8,62.47,200
75.2,83.32,200
80.6,65.54,200
64.4,88.09,200
62.6,88,197.1808315196
66.2,88.18,200
62.6,88,197.1808315196
82.4,54.55,200
73.4,78.19,200
71.6,78.04,200
69.8,60.21,200
53.6,81.87,169.8482042417
57.2,87.74,180.9669632219
73.4,60.67,200
62.6,88,197.1808315196
48.2,87.28,153.9423765713
48.2,87.28,153.9423765713
73.4,49.9,200
75.2,46.98,200
73.4,53.29,200
55.4,87.65,175.5621578709
64.4,77.45,200
71.6,64.48,200
57.2,87.74,180.9669632219
69.8,73.09,200
53.6,87.56,170.1573500522
60.8,82.37,191.4757919765
53.6,87.56,170.1573500522
69.8,64.26,200
46.4,87.19,148.5375585674
53.6,87.56,170.1573500522
66.2,82.74,200
64.4,88.09,200
69.8,82.98,200
71.6,73.27,200
75.2,73.61,200
64.4,88.09,200
68,88.26,200
73.4,78.19,200
68,77.75,200
71.6,68.75,200
75.2,57.12,200
75.2,53.55,200
78.8,69.52,200
53.6,93.6,170.474709298
48.2,87.28,153.9423765713
77,44.25,200
78.8,47.52,200
78.8,61.36,200
60.8,87.92,191.7765665358
57.2,87.74,180.9669632219
57.2,87.74,180.9669632219
69.8,52.77,200
71.6,37.89,200
66.2,45.6,200
48.2,87.28,153.9423765713
57.2,82.12,180.6620086074
51.8,81.74,164.4410176418
50,81.61,159.0338253249
59,58.77,184.6661594035
62.6,51.72,194.9916618385
50,81.61,159.0338253249
46.4,81.34,148.2188691087
48.2,70.88,153.0190260719
33.8,80.36,110.3643739324
59,72.01,185.4858706094
53.6,76.5,169.5464278423
53.6,54.07,168.1532305825
33.8,80.36,110.3643739324
30.2,80.07,99.5481841733
46.4,65.83,147.3135688818
50,66.27,158.1406387956
55.4,47.16,173.0673138854
M,M,#VALUE!
35.6,74.8,115.4486993242
51.8,40.25,161.7442887702
42.8,75.5,137.0890735985
41,80.93,131.9961102706
64.4,27.55,198.4488093888
73.4,20.23,200
73.4,25.13,200
46.4,81.34,148.2188691087
48.2,76.01,153.3183714076
71.6,30.77,200
75.2,27.26,200
57.2,62.69,179.5177016867
37.4,74.98,120.8590992603
73.4,18.8,200
46.4,75.84,147.9086164228
66.2,29.92,200
64.4,25.6,198.2596442563
55.4,54.34,173.5715669976
39.2,80.79,126.5883257618
37.4,69.67,120.5468556954
35.6,69.46,115.1342666144
51.8,15.86,159.3824615503
51.8,15.86,159.3824615503
44.6,52.72,141.0608539443
46.4,53,146.4801098893
41,60.54,130.7807454656
46.4,36.48,145.2398675482
37.4,74.98,120.8590992603
35.6,74.8,115.4486993242
53.6,66.7,168.9670067956
57.2,38.26,177.7854668377
55.4,66.91,174.3798532994
48.2,76.01,153.3183714076
46.4,75.84,147.9086164228
44.6,81.2,142.8111042609
44.6,81.2,142.8111042609
44.6,81.2,142.8111042609
48.2,81.47,153.6260733434
46.4,81.34,148.2188691087
39.2,80.79,126.5883257618
51.8,61.99,163.2733728478
39.2,80.79,126.5883257618
46.4,75.84,147.9086164228
53.6,66.7,168.9670067956
46.4,75.84,147.9086164228
48.2,70.88,153.0190260719
46.4,81.34,148.2188691087
48.2,81.47,153.6260733434
48.2,81.47,153.6260733434
46.4,70.68,147.6071398228
37.4,40.93,118.5976558207
33.8,69.25,109.7216584885
35.6,69.46,115.1342666144
35.6,55.41,114.2437893576
28.4,86.18,94.4833183722
26.6,73.89,88.3959292691
30.2,80.07,99.5481841733
39.2,69.88,125.9594258176
37.4,47.8,119.113754407
35.6,51.33,113.9644957952
33.8,59.53,109.1155686764
30.2,74.26,99.2174242091
30.2,80.07,99.5481841733
35.6,64.46,114.8286985247
42.8,41.84,134.8683846515
39.2,80.79,126.5883257618
37.4,74.98,120.8590992603
37.4,74.98,120.8590992603
37.4,74.98,120.8590992603
41,70.08,131.3713798146
37.4,69.67,120.5468556954
37.4,74.98,120.8590992603
37.4,74.98,120.8590992603
19.4,73.13,66.7516080359
35.6,64.46,114.8286985247
37.4,69.67,120.5468556954
39.2,55.95,125.079973262
41,35.57,128.9640590205
32,40.01,102.3253458403
35.6,64.46,114.8286985247
33.8,69.25,109.7216584885
35.6,74.8,115.4486993242
37.4,69.67,120.5468556954
50,49.81,157.0576199954
48.2,57.26,152.167033765
48.2,57.26,152.167033765
44.6,61.03,141.612169993
55.4,47.16,173.0673138854
26.6,79.77,88.7314052646
30.2,80.07,99.5481841733
53.6,46.88,167.6468971075
51.8,57.77,163.0006578663
19.4,67.51,66.4164469207
21.2,67.73,71.8298238134
21.2,67.73,71.8298238134
28.4,68.61,93.483115356
28.4,74.08,93.8069739165
28.4,74.08,93.8069739165
12.2,78.51,45.460586888
24.8,73.7,82.9848704125
30.2,74.26,99.2174242091
30.2,80.07,99.5481841733
30.2,80.07,99.5481841733
35.6,80.51,115.7727364834
37.4,74.98,120.8590992603
37.4,80.65,121.1805345053
44.6,70.48,142.1952367447
28.4,54.31,92.5695318712
28.4,50.17,92.2830784268
15.8,67.05,55.5884064384
8.6,78.18,34.6419454873
37.4,69.67,120.5468556954
24.8,68.18,82.6571181413
24.8,53.75,81.7314391493
23,57.96,76.6131465243
17.6,67.28,61.0024386618
26.6,63.27,87.7542441501
26.6,79.77,88.7314052646
26.6,79.77,88.7314052646
23,73.51,77.5737972917
23,73.51,77.5737972917
24.8,68.18,82.6571181413
3.2,71.29,18.0433405711
1.4,77.49,13.0028404507
1.4,71.07,12.6303024857
24.8,73.7,82.9848704125
21.2,85.74,72.8595896237
33.8,80.36,110.3643739324
33.8,80.36,110.3643739324
17.6,79,61.6881944173
19.4,73.13,66.7516080359
24.8,73.7,82.9848704125
24.8,79.62,83.3230039785
19.4,73.13,66.7516080359
-5.8,76.77,26.1618491199
-0.4,70.85,9.6172442046
10.4,72.12,39.6923494982
14,61.51,49.8428311215
1.4,71.07,12.6303024857
8.6,60.72,33.5923038955
3.2,77.67,18.4130584929
8.6,71.92,34.2805660188
15.8,56.86,54.9405570086
15.8,67.05,55.5884064384
15.8,72.73,55.9281885533
14,66.82,50.1743501271
6.8,78.01,29.2323269867
21.2,73.32,72.1627098514
21.2,73.32,72.1627098514
21.2,73.32,72.1627098514
21.2,73.32,72.1627098514
19.4,79.16,67.0971905678
17.6,72.93,61.3399063227
15.8,72.73,55.9281885533
6.8,71.71,28.8681757185
17.6,72.93,61.3399063227
28.4,74.08,93.8069739165
26.6,68.4,88.0704292513
28.4,58.75,92.8648548584
39.2,41.24,124.0218377432
33.8,80.36,110.3643739324
33.8,80.36,110.3643739324
35.6,80.51,115.7727364834
-0.4,70.85,9.6172442046
24.8,38.77,80.6265560304
21.2,62.53,71.5075912894
21.2,57.69,71.1953933407
26.6,79.77,88.7314052646
8.6,39.24,32.0641839053
1.4,54.56,11.586474125
17.6,72.93,61.3399063227
-2.2,64.62,14.6386566042
-5.8,64.11,25.4068720484
1.4,54.56,11.586474125
-2.2,59.08,14.2863515402
1.4,65.13,12.2703159789
3.2,71.29,18.0433405711
5,71.5,23.4557672626
6.8,65.87,28.516033514
1.4,45.56,10.9498148123
12.2,61.25,44.4262379212
-7.6,63.85,30.7906195004
14,52.01,49.2117958928
12.2,66.58,44.7596568555
19.4,67.51,66.4164469207
30.2,54.59,97.9885045848
30.2,80.07,99.5481841733
30.2,86.28,99.8887028158
30.2,74.26,99.2174242091
15.8,67.05,55.5884064384
3.2,65.38,17.6857900047
-0.4,54.27,8.5668174947
-14.8,62.78,52.3233831158
-14.8,62.78,52.3233831158
-4,48.94,18.995712973
8.6,46.84,32.6439754529
17.6,72.93,61.3399063227
19.4,73.13,66.7516080359
19.4,73.13,66.7516080359
12.2,66.58,44.7596568555
5,71.5,23.4557672626
8.6,78.18,34.6419454873
26.6,73.89,88.3959292691
28.4,74.08,93.8069739165
23,62.78,76.9233831158
21.2,67.73,71.8298238134
24.8,63.03,82.3391435306
26.6,68.4,88.0704292513
26.6,68.4,88.0704292513
26.6,68.4,88.0704292513
19.4,79.16,67.0971905678
21.2,27.02,68.7980765673
15.8,44.16,54.0452990903
15.8,67.05,55.5884064384
24.8,68.18,82.6571181413
17.6,67.28,61.0024386618
10.4,60.99,39.0096094653
6.8,60.45,28.174959807
-2.2,53.97,13.9464277033
1.4,54.56,11.586474125
1.4,54.56,11.586474125
15.8,34.07,53.236951259
15.8,34.07,53.236951259
-7.6,63.85,30.7906195004
28.4,68.61,93.483115356
26.6,68.4,88.0704292513
28.4,68.61,93.483115356
15.8,72.73,55.9281885533
26.6,58.49,87.447875522
15.8,72.73,55.9281885533
15.8,56.86,54.9405570086
-5.8,70.19,25.7779472426
26.6,33.09,85.5523908073
26.6,33.09,85.5523908073
28.4,36.29,91.2241181927
19.4,73.13,66.7516080359
19.4,79.16,67.0971905678
17.6,72.93,61.3399063227
21.2,57.69,71.1953933407
-2.2,64.62,14.6386566042
26.6,49.88,86.8625774332
33.8,80.36,110.3643739324
33.8,80.36,110.3643739324
24.8,73.7,82.9848704125
21.2,73.32,72.1627098514
26.6,68.4,88.0704292513
19.4,73.13,66.7516080359
19.4,48.69,65.1778220098
15.8,67.05,55.5884064384
8.6,71.92,34.2805660188
26.6,73.89,88.3959292691
35.6,59.79,114.5323993689
26.6,58.49,87.447875522
10.4,60.99,39.0096094653
21.2,41.49,70.0412731661
21.2,41.49,70.0412731661
24.8,73.7,82.9848704125
26.6,73.89,88.3959292691
10.4,66.35,39.3455509329
5,50.5,22.1063352018
3.2,54.86,17.0067536749
21.2,38.13,69.7749493925
-7.6,69.96,31.1642094665
35.6,40.63,113.1741666122
28.4,68.61,93.483115356
19.4,62.28,66.0917678628
33.8,43.65,108.0068146637
35.6,40.63,113.1741666122
35.6,43.95,113.4294796176
19.4,73.13,66.7516080359
44.6,52.72,141.0608539443
46.4,49.24,146.2171219171
41,60.54,130.7807454656
39.2,75.16,126.2694867207
39.2,80.79,126.5883257618
30.2,59.01,98.2817966648
32,36.91,102.0753600716
30.2,43.04,97.1604877867
15.8,67.05,55.5884064384
19.4,52.89,65.4725511342
33.8,22.7,106.1644516998
33.8,24.7,106.3699094559
26.6,33.09,85.5523908073
26.6,33.09,85.5523908073
15.8,72.73,55.9281885533
14,78.68,50.8701747446
30.2,59.01,98.2817966648
37.4,34.96,118.1126981996
32,74.44,104.6278618441
35.6,74.8,115.4486993242
33.8,74.63,110.0388656663
30.2,63.75,98.5843597113
32,54.87,103.4074287037
32,59.27,103.6987011892
32,63.99,103.9993749756
32,59.27,103.6987011892
24.8,79.62,83.3230039785
24.8,73.7,82.9848704125
28.4,63.51,93.1693161564
35.6,43.95,113.4294796176
33.8,51.04,108.5442284398
15.8,72.73,55.9281885533
24.8,73.7,82.9848704125
33.8,51.04,108.5442284398
37.4,69.67,120.5468556954
35.6,69.46,115.1342666144
39.2,51.89,124.8034713854
33.8,59.53,109.1155686764
30.2,80.07,99.5481841733
28.4,74.08,93.8069739165
28.4,68.61,93.483115356
32,59.27,103.6987011892
24.8,45.71,81.1609170976
37.4,21.41,116.8270941205
37.4,74.98,120.8590992603
35.6,80.51,115.7727364834
33.8,69.25,109.7216584885
33.8,74.63,110.0388656663
32,80.22,104.9565618404
24.8,73.7,82.9848704125
35.6,64.46,114.8286985247
32,74.44,104.6278618441
53.6,46.88,167.6468971075
60.8,51.45,189.5728655362
48.2,66.05,152.7271151093
37.4,74.98,120.8590992603
60.8,14.58,186.2183766184
39.2,64.93,125.6579153632
35.6,59.79,114.5323993689
35.6,55.41,114.2437893576
35.6,51.33,113.9644957952
26.6,68.4,88.0704292513
33.8,80.36,110.3643739324
37.4,86.69,121.5107464792
35.6,80.51,115.7727364834
64.4,48.55,200
51.8,71.26,163.8415638362
69.8,40.29,200
55.4,76.66,174.9555696559
50,76.18,158.7281154896
53.6,54.07,168.1532305825
37.4,60.04,119.9485482511
35.6,69.46,115.1342666144
51.8,32.17,161.071860365
59,12.21,180.4942810419
41,48.39,129.9562921158
42.8,41.84,134.8683846515
35.6,47.51,113.6927498141
30.2,74.26,99.2174242091
33.8,51.04,108.5442284398
64.4,29.63,198.6433445601
80.6,21.25,200
86,15.48,200
66.2,37.03,200
55.4,62.46,174.1031639234
60.8,38.85,188.6329768169
48.2,53.27,151.8986300084
53.6,50.36,167.8964779997
57.2,82.12,180.6620086074
57.2,82.12,180.6620086074
62.6,77.29,196.5914731416
48.2,81.47,153.6260733434
48.2,81.47,153.6260733434
48.2,81.47,153.6260733434
42.8,70.28,136.7833167661
59,19.68,181.4362146026
60.8,26.98,187.5942275653
44.6,65.61,141.9
41,75.33,131.6792856849
37.4,74.98,120.8590992603
55.4,32.76,171.9236352085
64.4,18.96,197.5543082114
62.6,20.2,192.2944410108
62.6,25.32,192.8318982502
51.8,76.34,164.1372764635
50,66.27,158.1406387956
46.4,65.83,147.3135688818
55.4,47.16,173.0673138854
62.6,51.72,194.9916618385
53.6,66.7,168.9670067956
64.4,63.6,200
62.6,67.75,196.0310388166
60.8,77.14,191.182938005
62.6,77.29,196.5914731416
M,M,#VALUE!
71.6,49.64,200
69.8,49.37,200
66.2,52.25,200
59,76.98,185.7738247076
60.8,77.14,191.182938005
60.8,77.14,191.182938005
60.8,77.14,191.182938005
42.8,70.28,136.7833167661
51.8,81.74,164.4410176418
